"council_id","tier","approval_rate","rate_reliability","stage1_applications","stage2_evidence","stage3_building","stage5_links","matched_rate","building_events","permits","new_dwellings"
"alpine","RATES_ONLY",0.935323383084577,"mostly_undecided",4990,4990,NA,NA,NA,NA,NA,NA
"ararat","RATES_ONLY",0.991735537190083,"mostly_undecided",1934,1934,NA,NA,NA,NA,NA,NA
"ballarat","RATES_ONLY",0.970391595033429,"reported",18641,21655,NA,NA,NA,NA,NA,NA
"banyule","NO_SOURCE",NA,"not_assessed",NA,NA,NA,NA,NA,NA,NA,NA
"bass_coast","RATES_ONLY",0.97450334643578,"reported",21361,21427,NA,NA,NA,NA,NA,NA
"baw_baw","RATES_ONLY",0.975735879077168,"reported",6072,6072,NA,NA,NA,NA,NA,NA
"bayside","RATES_ONLY",0.909630548418535,"reported",28776,33361,NA,NA,NA,NA,NA,NA
"benalla","FULL",0.998564249820531,"reported",4624,4633,10590,584,0.5171,10590,5737,649
"boroondara","RATES_ONLY",0.915844838921762,"reported",2063,2063,NA,NA,NA,NA,NA,NA
"brimbank","RATES_ONLY",0.973582196697775,"reported",8284,8284,NA,NA,NA,NA,NA,NA
"buloke","RATES_ONLY",0.991773308957952,"reported",1155,1157,NA,NA,NA,NA,NA,NA
"campaspe","RATES_ONLY",0.972060050041701,"reported",4062,4062,NA,NA,NA,NA,NA,NA
"cardinia","RATES_ONLY",0.970012200603609,"reported",23753,25611,NA,NA,NA,NA,NA,NA
"casey","RATES_ONLY",0.954333208815839,"reported",36698,38640,NA,NA,NA,NA,NA,NA
"central_goldfields","NO_SOURCE",NA,"not_assessed",NA,NA,NA,NA,NA,NA,NA,NA
"colac_otway","NO_SOURCE",NA,"not_assessed",NA,NA,NA,NA,NA,NA,NA,NA
"corangamite","RATES_ONLY",0.98698738170347,"reported",4614,4614,NA,NA,NA,NA,NA,NA
"darebin","FULL",0.923252496433666,"reported",10462,12290,68941,1581,0.3833,68941,40416,3446
"east_gippsland","FULL",0.984880176895954,"reported",18393,19675,51906,2021,0.8041,51906,33001,4286
"frankston","RATES_ONLY",0.938865524669197,"reported",14365,22211,28209,NA,NA,28209,3249,2909
"gannawarra","RATES_ONLY",1,"reported",5453,5618,NA,NA,NA,NA,NA,NA
"glen_eira","RATES_ONLY",0.947085572550641,"reported",20079,21947,NA,NA,NA,NA,NA,NA
"glenelg","RATES_ONLY",0.98,"reported",6046,NA,12708,NA,NA,12708,7233,502
"golden_plains","FULL",0.987589445438283,"reported",10357,10398,35402,2582,0.6011,35402,24313,1458
"greater_bendigo","FULL",0.985923830822864,"reported",18254,19472,111361,2699,0.6647,111361,69451,4327
"greater_dandenong","FULL",0.850434782608696,"reported",11293,11297,52316,2638,0.6016,52316,28812,3631
"greater_geelong","RATES_ONLY",0.969031328772056,"reported",10435,11563,NA,NA,NA,NA,NA,NA
"greater_shepparton","FULL",0.969479353680431,"reported",11337,12997,59462,1371,0.399,59462,39799,2770
"hepburn","RATES_ONLY",0.931828242585215,"reported",5368,NA,NA,NA,NA,NA,NA,NA
"hindmarsh","RATES_ONLY",0.991279069767442,"reported",807,807,NA,NA,NA,NA,NA,NA
"hobsons_bay","RATES_ONLY",0.966058135412974,"reported",33117,33136,NA,NA,NA,NA,NA,NA
"horsham","RATES_ONLY",0.995994392149009,"reported",5193,5237,NA,NA,NA,NA,NA,NA
"hume","RATES_ONLY",0.96954484605087,"reported",18580,18580,NA,NA,NA,NA,NA,NA
"indigo","FULL",0.974941875484371,"reported",9138,10303,19266,1927,0.1972,19266,13008,915
"kingston","RATES_ONLY",0.969570552147239,"reported",11134,NA,NA,NA,NA,NA,NA,NA
"knox","BUILDING_ONLY",NA,"not_assessed",NA,NA,41253,NA,NA,41253,13071,3678
"latrobe","FULL",0.979550102249489,"reported",6570,7381,28902,583,0.2607,28902,17035,4177
"loddon","NO_SOURCE",NA,"not_assessed",NA,NA,NA,NA,NA,NA,NA,NA
"macedon_ranges","RATES_ONLY",0.969415619879847,"reported",5278,6566,NA,NA,NA,NA,NA,NA
"manningham","RATES_ONLY",0.9875708678587,"reported",10695,10796,NA,NA,NA,NA,NA,NA
"mansfield","RATES_ONLY",0.987175271292338,"reported",6757,6757,NA,NA,NA,NA,NA,NA
"maribyrnong","RATES_ONLY",0.960579128440367,"reported",23289,24526,NA,NA,NA,NA,NA,NA
"maroondah","RATES_ONLY",0.911001994782876,"reported",17477,20858,NA,NA,NA,NA,NA,NA
"melbourne","FULL",0.96827236108812,"reported",21646,24427,106067,1907,0.2884,106067,77098,320
"melton","RATES_ONLY",0.968211578221916,"reported",13378,13378,NA,NA,NA,NA,NA,NA
"merri_bek","FULL",0.96237310801775,"reported",4980,NA,39702,6591,0.6451,39702,9024,4251
"mildura","RATES_ONLY",0.95252780114008,"reported",12012,12012,NA,NA,NA,NA,NA,NA
"mitchell","RATES_ONLY",0.970412234042553,"reported",3866,3866,NA,NA,NA,NA,NA,NA
"moira","RATES_ONLY",0.986079759217457,"reported",3046,NA,NA,NA,NA,NA,NA,NA
"monash","RATES_ONLY",0.927833703752124,"reported",20309,22498,NA,NA,NA,NA,NA,NA
"moonee_valley","RATES_ONLY",0.972407076773251,"reported",24965,27554,NA,NA,NA,NA,NA,NA
"moorabool","FULL",0.96133525456292,"reported",7580,7580,36174,2591,0.3354,36174,23406,1990
"mornington_peninsula","NO_SOURCE",NA,"not_assessed",NA,NA,NA,NA,NA,NA,NA,NA
"mount_alexander","RATES_ONLY",0.989229321342675,"reported",11266,11896,NA,NA,NA,NA,NA,NA
"moyne","C1_ONLY",NA,"not_assessed",59,NA,NA,NA,NA,NA,NA,NA
"murrindindi","RATES_ONLY",0.999507292077257,"reported",10987,11592,NA,NA,NA,NA,NA,NA
"nillumbik","FULL",0.964677945978035,"reported",27699,30450,37045,8216,0.4575,37045,24655,1352
"northern_grampians","RATES_ONLY",0.989519112207152,"reported",4273,4273,NA,NA,NA,NA,NA,NA
"port_phillip","NO_SOURCE",NA,"not_assessed",NA,NA,NA,NA,NA,NA,NA,NA
"pyrenees","RATES_ONLY",0.9375,"thin_decided_base",5108,5108,6895,NA,NA,6895,4064,288
"queenscliffe","RATES_ONLY",0.982129832239241,"reported",3137,3137,NA,NA,NA,NA,NA,NA
"south_gippsland","RATES_ONLY",0.958065607034156,"reported",10592,NA,NA,NA,NA,NA,NA,NA
"southern_grampians","RATES_ONLY",0.979276716781796,"reported",2721,2891,NA,NA,NA,NA,NA,NA
"stonnington","RATES_ONLY",0.954389665172687,"reported",47847,58654,NA,NA,NA,NA,NA,NA
"strathbogie","RATES_ONLY",0.989163415691374,"reported",2602,2606,NA,NA,NA,NA,NA,NA
"surf_coast","RATES_ONLY",0.974859509021,"reported",11069,11949,NA,NA,NA,NA,NA,NA
"swan_hill","FULL",0.911049124438246,"reported",6517,6525,22868,760,0.3368,22868,16733,324
"towong","FULL",0.990657323990657,"reported",3263,3264,5021,230,0.3435,5021,3245,456
"wangaratta","RATES_ONLY",0.979455327281414,"reported",2370,2370,NA,NA,NA,NA,NA,NA
"warrnambool","NO_SOURCE",NA,"not_assessed",NA,NA,NA,NA,NA,NA,NA,NA
"wellington","RATES_ONLY",0.986269793545801,"reported",10878,NA,NA,NA,NA,NA,NA,NA
"west_wimmera","RATES_ONLY",0.995192307692308,"reported",262,266,NA,NA,NA,NA,NA,NA
"whitehorse","FULL",0.92130085879206,"reported",25605,29216,173295,2972,0.5858,173295,173295,0
"whittlesea","RATES_ONLY",0.957037976978156,"reported",38371,41653,NA,NA,NA,NA,NA,NA
"wodonga","FULL",0.975057339449541,"reported",4717,5398,30100,494,0.4332,30100,14285,2814
"wyndham","NO_SOURCE",NA,"not_assessed",NA,NA,NA,NA,NA,NA,NA,NA
"yarra","RATES_ONLY",0.988970856767219,"reported",16136,16136,NA,NA,NA,NA,NA,NA
"yarra_ranges","RATES_ONLY",0.966566673117863,"reported",61394,61418,NA,NA,NA,NA,NA,NA
"yarriambiack","RATES_ONLY",0.996503496503496,"mostly_undecided",1187,1189,NA,NA,NA,NA,NA,NA
